lat,lon
49.28657064156669,-1.9589068955719509
49.39264991558483,-2.0035814989699534
49.54575991306058,-2.4203884646992315
50.92478749158318,0.3939586783679502
50.78961125106168,-1.16889423465078
50.979590620309004,0.013442447612103912
51.00577121581623,0.18309093311301444
51.031718749868084,0.35297507829422087
51.057418333170716,0.5229992772923286
51.082883736550976,0.693256512718278
51.10810034483312,0.8636509452678908
51.133081667546385,1.0342757366309745
50.189738437276716,-5.034827609937802
50.449176722733064,-3.7184750552971044
50.48058863006279,-3.5529182395485917
50.78196680844984,-1.885896755991708
50.979019661730355,-0.7066461232446212
51.00621706287493,-0.5374120921465153
51.03318325458965,-0.3679357881403967
51.059902766203344,-0.19831254441606022
51.08638991814058,-0.02844955474592068
51.11262951182871,0.1415576060813373
51.13863560778777,0.3118019303336115
51.164393280829636,0.4821876047377869
51.18991633062564,0.6528078047573291
51.2151901066432,0.8235664818256966
51.24022814677483,0.9945569917145713
51.26501607639898,1.1656830538303804
51.28956039426546,1.3369906436378765
51.31386733224772,1.5085259249158818
50.227295696429536,-5.414502266144377
50.261039022664114,-5.250854834653666
50.29454935419366,-5.08702484686551
50.327844702025416,-4.922922315020578
50.52284721342882,-3.933729146723578
50.5545475800433,-3.768110113223384
50.586027854227,-3.602225963156904
50.61727000552589,-3.436169779541253
50.79989976545457,-2.43517562541732
50.829520579093874,-2.2676237904482446
50.858915718967744,-2.099816285836841
50.88806833411951,-1.9318473874313646
50.916994062031584,-1.7636250758861511
50.94567631768013,-1.5952438850443267
50.97413048312421,-1.4266115946082518
51.00234024063618,-1.2578229936722505
51.03032071583495,-1.0887856636245026
51.0580558596398,-0.9195946459893864
51.08556054022592,-0.7501573265231739
51.11281897849701,-0.580568996282536
51.13984578419377,-0.41073684811959904
51.16662544952845,-0.24075641964745803
51.19317232482984,-0.07053471358719093
51.219471174928714,0.09983248894470147
51.24553608977821,0.2704383725415512
51.271352108123175,0.4411869157138321
51.29693305859108,0.612171487507725
51.32226425512126,0.7832958292685445
51.34735926407973,0.9546534915907655
51.37220367586524,1.1261479819387223
51.39680400173832,1.2978253690256796
51.42116648557368,1.4697319112431695
50.39933861340335,-5.139453454966107
50.43270548969226,-4.975035129824848
50.465837961028875,-4.810434742288129
50.49875382903391,-4.645561907941081
50.531434249876924,-4.48050906821992
50.56389677848563,-4.315185615772305
50.596122826785134,-4.149684270195213
50.62812970188947,-3.983914203443676
50.65989907293142,-3.8179684111029233
50.691447998101,-3.6517558467298503
50.7227584051818,-3.485369779648527
50.753847102340394,-3.3187189473603493
50.875869665753925,-2.6500442583807415
50.90578965101672,-2.4823635298266433
50.93547598485406,-2.314471017474786
50.964936257615385,-2.1463212185784846
50.99415357858749,-1.978008604362741
51.023143617545756,-1.8094409703743561
51.05188975018265,-1.6407130478229557
51.080407390407906,-1.4717324299404502
51.10868018169275,-1.3025941051661383
51.1367232810584,-1.1332054670694385
51.16452060111535,-0.9636617584859422
51.19208704098647,-0.7938701760199429
51.21940678376882,-0.6239262139924366
51.24649446969014,-0.45373687478589847
51.27333455366777,-0.2833979012167796
51.299941416051006,-0.11281610423484455
51.32629978489708,0.05791252791603398
51.35242377970713,0.22888137288568958
51.37829840298345,0.3999942001491788
51.4039375124231,0.5713445730774541
51.429326386263504,0.7428360220892632
51.45447861945601,0.9145622933547738
51.47937976724754,1.086426681538468
50.570746821601716,-4.862460614742103
50.603733809232196,-4.697267816843616
50.63648497543602,-4.531893505449611
50.669017910678186,-4.366246898167051
50.70131398410475,-4.200420897377611
50.733390537972035,-4.03432449852586
50.76522919904306,-3.8680508820427524
50.796847060248595,-3.7015088235160656
50.82822600742163,-3.5347917791710888
50.85938288306132,-3.3678083070930236
50.89029983351411,-3.200652136969322
50.920984967786566,-3.0332780831101145
50.95144614007065,-2.8656407322797537
50.98167424283039,-2.6977876287905596
51.0116604296959,-2.529766570617481
51.04141256257034,-2.361532187353155
51.07093824623169,-2.193038886085078
51.10022055002543,-2.0243813340973977
51.12927517614277,-1.855467141165463
51.158085460808515,-1.6863912365675642
51.18666684990492,-1.5170610263894726
51.21500294791912,-1.347571699137371
51.243108943395235,-1.177830459874577
51.27096871045312,-1.007932753489583
51.29859717928272,-0.8377855867358251
51.325978494993734,-0.6674846579600638
51.35312732841911,-0.4969367783647924
51.38002809700187,-0.32623789675101617
51.40669521122848,-0.15529463157553103
51.43311336220478,0.01579682098950045
51.45929669909507,0.18713003238326914
51.48523018798277,0.3586085622248074
51.51092771574829,0.5303261689537908
51.53637452475228,0.7021861712221714
50.708688981625016,-4.74920401626532
50.74151118188626,-4.5835072256516955
50.774114812036494,-4.417536441366484
50.80648119825297,-4.251384749130383
50.838627718064075,-4.084960967291464
50.87053595567376,-3.9183584617001963
50.90222303888236,-3.751485829376866
50.933670811383465,-3.584436714041349
50.964896150136745,-3.4171194937519975
50.99588115977893,-3.2496280877596275
51.02663396463919,-3.081917222573354
51.05716243380621,-2.913941395563334
51.08745743719998,-2.7457482491524114
51.11751010635248,-2.577385681320994
51.147328318082465,-2.4088082327371576
51.176919691642844,-2.2399702199948623
51.206267256251955,-2.070966507119883
51.23538674664017,-1.901704517451026
51.26426145937988,-1.7322793790376467
51.292906872447894,-1.5625983101424548
51.32130655116356,-1.3927567000608705
51.34947571571467,-1.2226615646614447
51.37739820154789,-1.0524085516279018
51.405088970039785,-0.8819044771624773
51.43253212813134,-0.7112452444000193
51.45974237737884,-0.5403374726511753
51.486704097571014,-0.36927731748376086
51.51343172944836,-0.19797120413833488
51.53990992698657,-0.026515537517556465
51.56615286912866,0.1451834483417269
51.5921454853619,0.31702910238041376
51.61790169186409,0.4891153788526624
51.64340669494355,0.6613453838016768
50.879190942113034,-4.469057867986128
50.91162793335036,-4.302579431709903
50.943844710845916,-4.1358271994171245
50.97582281605231,-3.968894722960184
51.00757941177043,-3.8016904201835784
51.039096299362676,-3.6343081229040677
51.070390390379266,-3.4666560285323746
51.10144374755592,-3.2988282465049723
51.13226451059382,-3.1307794152192296
51.16286056352682,-2.962463942326085
51.193222753619814,-2.793929568680752
51.22334219019651,-2.6252242926091087
51.25322676503939,-2.4563025655355606
51.282884111923465,-2.287118613227242
51.312297219751365,-2.1177674971442917
51.341481855917856,-1.9481564535130171
51.370421277155195,-1.7783808098668323
51.39913099365881,-1.608347595957397
51.42759453139363,-1.4381524026026489
51.45582714231394,-1.2677020557764456
51.48381262300773,-1.0970924067113046
51.51156596615966,-0.9262300803465429
51.539071240357714,-0.7552111853789352
51.56634317800179,-0.5839421485038441
51.59336612104325,-0.4125193328500531
51.62015454059548,-0.2408489697068335
51.646693053322466,-0.06902767352173023
51.672995868063296,0.10303851693885828
51.6990478775291,0.2752527391030754
51.724863027310896,0.44770914379741744
51.75042648748621,0.6203106236015444
51.77575193943878,0.7931515159600427
51.800824831915946,0.9661344719601409
51.016752180688904,-4.354005920850752
51.049039508551125,-4.186924171071376
51.081087773362995,-4.019660642289339
51.11291417305722,-3.8521235725644143
51.1445004664724,-3.684406982411662
51.175863599879655,-3.516418887972696
51.20698559392165,-3.3482535894912053
51.23787460372099,-3.179865636941388
51.26853852830512,-3.011209347929125
51.29896819217234,-2.8423325620632354
51.32915468232727,-2.6732833783546837
51.35910590556439,-2.504016158664331
51.388829510228035,-2.334485037598274
51.418308444715585,-2.164785274743814
51.447558509211774,-1.9948239185375793
51.47656292042023,-1.8246964967102972
51.50533722087933,-1.6543098498132467
51.53386489701209,-1.4837597709206398
51.56216123266245,-1.3129528954102934
51.59020998537322,-1.1419852788177898
51.61802617925914,-0.9707633541062287
51.64559384436996,-0.7993834363091002
51.67292774406963,-0.6277517587813984
51.70001218228841,-0.4559648930081472
51.72686166063157,-0.28392887559053853
51.75346075826905,-0.11174053133679607
51.77982371405358,0.06069429700551023
51.80593538373926,0.23327853451555253
51.83180974244652,0.40610652935194924
51.85743192384278,0.5790809597742171
51.88281563835094,0.752296361854487
51.90794629886509,0.925655170406792
51.93283047981022,1.0992039256750152
51.9574744856538,1.2729893645964836
51.121853753381814,-4.405666092802581
51.154211926464235,-4.238253753263614
51.18633064506416,-4.070658085292783
51.218227142378275,-3.9027871465524813
51.24988313452729,-3.734735146859856
51.28131560263442,-3.5664099204620094
51.312506525055774,-3.3979059590340537
51.4349474176702,-2.721564754880902
51.46496557677048,-2.5519508215225977
51.49475572585757,-2.3820712954092853
51.52430077263264,-2.2120216349516557
51.553616550196836,-2.0417087001150036
51.58268623503499,-1.8712282195443124
51.61152540215376,-1.7004868438965766
51.64011749824511,-1.5295805692399724
51.66847783916664,-1.3584158396501846
51.69659014322813,-1.1870889157243185
51.72446946609691,-1.0155060377311362
51.75209979909794,-0.8437637278200719
51.779495936680505,-0.6717680252756573
51.80664214456832,-0.4996157107391755
51.83355295497855,-0.3272126253818415
51.860212909403025,-0.1546558051932938
51.88663627682667,0.01814910385132508
51.912807875864054,0.19110481364072826
51.93874171128201,0.3643058704308694
51.96442288015701,0.5376547372989449
51.98986512206652,0.7112461497212793
52.01505381387225,0.8849823253559381
52.039995542755655,1.0589098998278808
52.06469662542139,1.2330757068984377
52.08914960946307,1.4074299932230447
51.3235163119641,-3.9536821366570765
51.355242296740336,-3.7852936108529747
51.540718395513295,-2.7700694143701545
51.570803778985415,-2.6001075453838807
51.60066076018708,-2.4298783768785053
51.63027220593131,-2.25947756678435
51.65965398236242,-2.088811785912466
51.688789225555546,-1.9179769645392757
51.7176935431111,-1.746879562732191
51.746350341800145,-1.575615780291499
51.774774969618136,-1.4040918692832105
51.80295110545305,-1.2324042961250785
51.830893836647846,-1.0604591076718086
51.85858711561499,-0.8883530339689218
51.8860457680108,-0.7159919194987259
51.91325402116617,-0.5434727548598782
51.94022643803033,-0.37070118504993566
51.96694752223216,-0.19777445806206048
51.993431573007605,-0.024598022343479093
52.01966337164824,0.14873061996102552
52.04565695268463,0.32230621397187664
52.071397376420485,0.4960310067200395
52.096898411703705,0.6699999338646965
52.12214539918338,0.8441149950231669
52.147144938839,1.018422921564247
52.17190335965223,1.1929706444497077
52.196413189563195,1.3677082958818785
52.220667236069616,1.542585782974511
51.55457861064737,-3.3284860672807297
51.585447898266764,-3.158800250232459
51.706548121769266,-2.4779097800700147
51.73622625769543,-2.307156548793772
51.76567432330963,-2.136136634731165
51.79487541408342,-1.9649461705179165
51.823845170338494,-1.793491424925304
51.85256695873209,-1.6218688022348797
51.88105615952387,-1.4499843617839578
51.909296411988166,-1.2779347765814424
51.937302835268554,-1.1056258993366008
51.96505934267447,-0.9331546687828834
51.99258079119284,-0.7604267338567764
52.019851369572486,-0.5875392959274958
52.046885671616955,-0.4143978030632073
52.07366816290429,-0.2410997160951109
52.100213173042135,-0.06755028517482883
52.12650544581285,0.1061527726635805
52.152559045629964,0.2801044021845516
52.17835899583965,0.45420663349575496
52.20391909467788,0.6285546032304966
52.229224646398286,0.8030500920671483
52.25428226382041,0.9777399274871379
52.27909828824343,1.1526711380353343
52.303665227846814,1.327793740973201
52.32797587093385,1.5030575266761943
52.35203657007926,1.6785094801069609
51.628940232575076,-3.5482430610609508
51.66010515804581,-3.3784869526476187
51.691043490918744,-3.2084555742063596
51.72174596349166,-3.0381971635933502
51.75220357236702,-2.8677602259806636
51.78242428487492,-2.6970987617305013
51.81241580811399,-2.526166537413958
51.84216092653553,-2.355059612120459
51.871675572756764,-2.1836842762691773
51.90094280145078,-2.01213686558325
51.92997828578849,-1.8403234568297924
51.95876535211948,-1.6683406595212686
51.98731941309419,-1.4960943395456983
52.015624068180685,-1.3236813772743394
52.04369446844838,-1.151007430538
52.071514487912204,-0.9781696475508093
52.099099015013635,-0.8050734809580555
52.12643219972924,-0.6318163437138681
52.15352866683934,-0.4583034861994395
52.18037284368249,-0.28463258291988885
52.20697909035902,-0.110708684961564
52.233332112954784,0.06337027489475476
52.2594460058858,0.23769944183914604
52.28530575535514,0.4121806281770943
52.31092518910476,0.5869091723094353
52.336289574808845,0.7617866350752521
52.36140553816927,0.9368599404385242
52.38627943284313,1.112176214911109
52.4109037471413,1.2876853603246297
52.43527125006675,1.4633370498084852
52.45938830660719,1.6391783657653365
51.73437389956623,-3.5988214597092414
51.76560854667336,-3.428720366207562
51.796616222615604,-3.258342229880211
51.82738763635252,-3.087735388957923
51.85791376160004,-2.9169484510138513
51.88820258094524,-2.7459353252131917
51.91826181629593,-2.574649685258512
51.94807421062802,-2.4031877918786617
51.977655729989195,-2.231455744252556
52.00698938805828,-2.0595500819190162
52.036090890983644,-1.8873766889315602
52.064943524612474,-1.7150323807835983
52.09356273411299,-1.542422829191776
52.12193207895322,-1.3696451226615047
52.15006674225419,-1.196604723410469
52.177950558543834,-1.023398989927123
52.205598447842455,-0.849933177818438
52.232994521163214,-0.6763049124388926
52.260153434386076,-0.5024192457232683
52.28705957642032,-0.32837406668786984
52.313727337980374,-0.1540742265821208
52.34014138726743,0.020382125207461136
52.36631584881974,0.1950903350802904
52.392235671510754,0.36995199665888306
52.41791471270661,0.5450626509072592
52.44333820331725,0.7203236379227556
52.468512781968975,0.8957819785228966
52.49344481471724,1.0714848975716857
52.518126769895865,1.2473821809807206
52.54255139710074,1.4234233841241952
52.56672507377332,1.5996556872224175
52.590653902707324,1.7761264678359463
51.77646396841608,-3.9898799964009766
51.808247569959974,-3.8198519360032677
51.839787582352834,-3.6496372606893646
51.871092254298524,-3.479189983228709
51.902169575819805,-3.308463873979362
51.93301023242035,-3.1375073718760467
51.963605174812606,-2.9663691872421696
51.99396240089089,-2.7950031377100526
52.024089647421285,-2.6233628037624817
52.05396961570453,-2.4515446484847314
52.0836183053503,-2.279454579107513
52.113018688844434,-2.107189339724385
52.14218650544296,-1.9346546209543574
52.17110500029288,-1.761947445032958
52.19978965120916,-1.5889732887716557
52.22822397746322,-1.4158294495933508
52.256423194355214,-1.2424211933560447
52.2843710967307,-1.0688460896279943
52.31208263631499,-0.8950091962186872
52.339541884963786,-0.7210083517105893
52.36676352978149,-0.5467484088203834
52.39373192105535,-0.3723274719253624
52.42046148023725,-0.19765019165395567
52.446936837452505,-0.022814934870368613
52.4731721474834,0.15227384683046816
52.499152321684136,0.32751752749407803
52.52489124716533,0.503011851456056
52.550374117884765,0.6786579371559349
52.57560758543605,0.8545029026419658
52.60059802831411,1.0305940715218005
52.62533789476542,1.2068811132896242
52.649819914870534,1.3833134650476964
52.67405047856583,1.5599384052178784
52.69803570059813,1.7368034110339667
51.849633335681915,-4.2117122207723785
51.88171379340659,-4.0416240029184705
51.91356853043567,-3.8712518944194456
51.945179267254616,-3.700691548784315
51.97655426834254,-3.529896888114483
52.007701539063206,-3.358821590372587
52.038611741346195,-3.187514195526066
52.06927580278293,-3.0160235169972576
52.09970173662518,-2.844303280548778
52.12989729454641,-2.6723069730913465
52.159845135971636,-2.500131260783596
52.1895612942043,-2.3276818581987073
52.2190287003375,-2.1550557147242175
52.2482631268656,-1.9821583268222114
52.27724777803665,-1.8090869242319185
52.30599816444167,-1.6357467881242183
52.334497764957824,-1.4622354256234922
52.36276182719241,-1.2884579054797756
52.39077410611218,-1.114512009147515
52.41854958527407,-0.9403025958776775
52.44607229718117,-0.7659277183095381
52.47335696028744,-0.5912920291680116
52.500387886064495,-0.41649384904260545
52.52717952682524,-0.2414376271546062
52.55371647442696,-0.06622194871950494
52.580012914018106,0.10924893747191029
52.606053719243064,0.28487618499222744
52.63185280707743,0.46075574235932415
52.65739533433801,0.6367885054366791
52.682687965628546,0.8130216898815932
52.70773709192454,0.9895027184382222
52.73253514127421,1.1661811436846785
52.757074824133745,1.3430062839331234
52.78136254297575,1.5200255161920855
52.805404424539574,1.6972864177678815
51.82382240667736,-4.943456361199904
51.85690829573676,-4.7739892954400895
51.889770823937944,-4.60423238028097
51.9223911391031,-4.434280867994309
51.95478672505256,-4.264041535994909
51.986938993318546,-4.093609936305571
52.0188651727387,-3.9228926120784062
52.05054694011361,-3.7519854126914964
52.08199257574915,-3.5808421692495473
52.11321010040066,-3.4094164669753617
52.14419015230464,-3.237756947197082
52.17492363581348,-3.0659125267840612
52.2054185795866,-2.893836839291498
52.23568275025408,-2.721483277704655
52.26569876516355,-2.5489487119723933
52.295482691444484,-2.3761386632996144
52.325017418596524,-2.2031502871072557
52.35431875248326,-2.0298888849765198
52.38336985625417,-1.8564518949123316
52.41218627340599,-1.682744401707948
52.44075144222303,-1.5088641229738269
52.46908064274805,-1.334715929602019
52.49715758987158,-1.1603978157404533
52.52499729910911,-0.9858144413186755
52.55258376341505,-0.8110640738626961
52.57993173271841,-0.6360511653300647
52.6070254794804,-0.4608742533750743
52.63387948699905,-0.2854375850236589
52.66047830867036,-0.10983996471783569
52.68683616013141,0.06601456235645661
52.712937877125235,0.2420269284009974
52.7387974066132,0.4182932869289724
52.76439986808136,0.5947143103074078
52.78975193918636,0.7713373121821493
52.81486002342545,0.9482098148279959
52.83971652853697,1.1252812534071526
52.864314145242986,1.3025008269220677
52.888659288593686,1.4799160113542125
52.912758097360296,1.65757448448309
51.928661977369366,-4.997393354809706
51.96182150292212,-4.827588796165047
51.99475731567418,-4.657492523887895
52.027450518696455,-4.487199982158806
52.05991863216383,-4.316617762955644
52.092143023281416,-4.145841612516637
52.124140956822,-3.9747778869530555
52.15589406569424,-3.8035226321599476
52.18741064608303,-3.6320295879110236
52.21869873418664,-3.4602522463390235
52.2497489444279,-3.2882393504652216
52.2805521578002,-3.1160399209589262
52.31111641842168,-2.9436074988244267
52.341449507928964,-2.7708953827621756
52.371534001387616,-2.5980006472386066
52.40138599988745,-2.4248286193681503
52.430988351130814,-2.251476661355372
52.46035689448362,-2.077849879164988
52.48947475179393,-1.9040459198408144
52.51835749959592,-1.72996967104958
52.546988535379334,-1.5557190616840177
52.575383171752776,-1.3811987640161094
52.603525083330105,-1.2065069857064579
52.63142931771428,-1.0315481865880565
52.65907982811184,-0.8564208499159089
52.68649139605434,-0.6810292260921059
52.71364825479491,-0.5054720707010427
52.74056491874256,-0.3296534277723985
52.767225902635886,-0.1536723218630404
52.79364545272492,0.022567406259461964
52.81980836665676,0.1989664665148102
52.84572862150141,0.3756212182375202
52.87139129922123,0.5524321093639325
52.89680309056934,0.7294465519142399
52.921970411606516,0.906712168094574
52.946885649647804,1.0841782751440272
52.97154147556976,1.2617939522280737
52.99594431704205,1.439606774693797
52.03347678398834,-5.051582905755292
52.066710261753336,-4.881439751371219
52.09971967434158,-4.7110030023517435
52.13248607986399,-4.540368295387949
52.165027034990565,-4.369442036373132
52.197323862390895,-4.198320166385204
52.22939386291255,-4.026908853832983
52.26121862536425,-3.8553043417754274
52.292806461862284,-3.6834602783200587
52.32416542409928,-3.5113300621582164
52.355286102563035,-3.3389625383359895
52.38615935476742,-3.1664068316749723
52.41679324034038,-2.993616390284077
52.44719555597512,-2.8205444182184465
52.477348834249455,-2.6472881951893514
52.507269210348134,-2.473752853497062
52.536939489971495,-2.300035962880177
52.56637554612112,-2.126042432949721
52.595560459139875,-1.9518701205619906
52.62450983873147,-1.7774237155065624
52.653207041388406,-1.60280135875529
52.6816674124158,-1.4279075231961593
52.70987458594936,-1.2528406308225908
52.737843641808816,-1.0775049405939012
52.765558493252676,-0.9019991523375288
52.79303395354288,-0.7262273141099415
52.820254216525655,-0.5502884002923583
52.847233827847354,-0.374086251115153
52.87395726339183,-0.19772011214004542
52.90043880014693,-0.02109361890039337
52.926663197468166,0.15569371532815748
52.95264446265721,0.3327384565299085
53.00383943326646,0.6873483383421884
53.02906627124577,0.8650087122738098
53.05404052067461,1.0428711478764727
53.078754832471844,1.2208846039499117
52.27010991098735,-4.4225154950429175
52.30247948922225,-4.2510467368960745
52.33462187071692,-4.079286651731893
52.36651859997128,-3.907331680419242
52.39817800508533,-3.7351353790633017
52.42960815329751,-3.5626510525616264
52.460799611038695,-3.389927648315953
52.49174321222208,-3.2170143956518564
52.522447032036496,-3.0438646494374346
52.55291888228177,-2.870431518720873
52.58314125284132,-2.6968124891853824
52.613130313129886,-2.5229124975919426
52.64286882663996,-2.348829321963658
52.67237270014259,-2.174467674819069
52.70162497227063,-1.9999256236009166
52.73064128602977,-1.8251076594692872
52.759404956711556,-1.6501121362726008
52.78793136244874,-1.4748433267490975
52.81620409669629,-1.2993998680459948
52.844238271620455,-1.123685817469898
52.872017760330436,-0.9478000922652148
52.899557407946745,-0.7716465373505824
52.926841368708885,-0.5953243467721666
52.95388421962728,-0.4187371561557709
52.98067039753274,-0.24198443295964334
53.00721421027596,-0.06496960666478722
53.03350037872421,0.11220758534260439
52.471797445675634,-3.9596085170405098
52.50352873681111,-3.7870587404476495
52.535030387729,-3.614219048950379
52.566292940679375,-3.4411384926414135
52.59730720585179,-3.267866405706782
52.628081274047865,-3.094356049422468
52.65862297222491,-2.920560437461934
52.68891474736211,-2.7465772622179903
52.718972803241336,-2.5723112641755055
52.74877986093828,-2.397860430403518
52.77835186112935,-2.2231292755774064
52.80767180052933,-2.0482160785116053
52.836755355580536,-1.8730251309722838
52.8655858001666,-1.697655000493582
52.89417854538111,-1.5220097588859394
52.922517143792604,-1.346188259283445
52.95061674004559,-1.1700943565484339
52.978461166895535,-0.9938271861993109
53.006065301451784,-0.81729038921196
53.033413258144236,-0.6405833801784461
53.06051964547596,-0.46360958930188495
53.08736886102336,-0.28646870684194803
53.11397524362706,-0.1090639553960702
53.14032347546634,0.06850470261019945
53.16642762467865,0.2463342489666252
52.6088566344364,-3.8392315486361865
52.64043010600147,-3.6660352369755675
52.67176407131327,-3.4925962562815713
52.702849316713966,-3.318964045956564
52.73369394867,-3.1450917733320187
52.76430580934701,-2.970932356337729
52.794667302609085,-2.796583694813587
52.82479466674274,-2.621950332229979
52.854670580196924,-2.447130465463402
52.88431101768955,-2.2720284105937227
52.91369893380852,-2.0967426585926727
52.94285003856752,-1.9211773010662834
52.971747564234406,-1.7454311200441806
53.000406954997146,-1.5694079856290286
53.028811722331056,-1.3932069677757388
53.05697704349101,-1.2167317181087804
53.084886710673345,-1.0400815912787338
53.11255563310686,-0.8631600235116362
53.13996788520772,-0.6860666508278747
53.16713810710079,-0.5087046971874112
53.19405065690551,-0.33117407655798564
53.22071990457995,-0.15337780381982158
53.2471304934144,0.024583932631347068
53.273296522152876,0.20280832375678698
53.29920292070757,0.3811949103479277
52.7141596747933,-3.891654994564854
52.74580528615894,-3.718100807132915
52.77721098220591,-3.5443021291205192
52.808367525304654,-3.370308505501506
52.83928303763841,-3.1960730093094076
52.8699653766321,-3.021548462360161
52.90039690282287,-2.846832972678022
52.93059388913976,-2.6718308859789874
52.96053897119389,-2.4966406097085696
52.9902481578815,-2.3211662605970895
53.01970436145329,-2.145506542559506
53.0489233256298,-1.9695653462736893
53.07788824085407,-1.7934416690750874
53.106614584542314,-1.6170391785766765
53.135085826868924,-1.4404571623890163
53.16331717783156,-1.2635990681030498
53.19129238886088,-1.0865644703608284
53.219026401436146,-0.9092565998292886
53.24650324975467,-0.7317753148409403
53.27373760569256,-0.5540236322898577
53.300713787708645,-0.3761016907601606
53.327446197006324,-0.19791229657879017
53.35391943778495,-0.019555865044472622
53.38014763952121,0.15906500482481378
53.406115693617366,0.33784962464976404
51.642383074337495,-9.537371429692199
51.681651452079336,-9.372213335018191
51.72071242714846,-9.206731877479866
51.75954363733248,-9.04101954355213
51.79816594066559,-8.87498506916088
51.83655722056311,-8.708721279771291
51.87473809327554,-8.542136637622031
51.91268668955808,-8.37532430586598
51.95042338253252,-8.208192474942571
51.98792655200336,-8.040834644304576
52.025206013821325,-7.873205284178682
52.35059111557606,-6.352225282987305
52.85115938542959,-3.7704196828265153
52.882637135564316,-3.596260015211143
52.9138652987964,-3.421903668778884
52.944852013078595,-3.2473036219059326
52.97560515114696,-3.0724125999179117
53.00610702999638,-2.8973289197713417
53.036373957338654,-2.7219567286760205
53.066388525732776,-2.5463946454190274
53.096166778392,-2.3705465866150526
53.12569158501664,-2.1945114699195645
53.15497872317143,-2.018192984301958
53.184011341262355,-1.8416903432256206
53.21280495007,-1.6649070110194406
53.24134297825668,-1.4879424937965997
53.269640668697434,-1.3107000343061501
53.29768173184753,-1.1332794280535112
53.32548114156975,-0.9555836993243074
53.353022891634176,-0.7777129296599841
53.38032168579967,-0.5995699280528607
53.407361802657675,-0.4212550586251373
53.43415767478673,-0.24267091830109228
53.460693867090114,-0.06391815022903151
53.48698453990536,0.1151008574565615
53.51301454592141,0.294285186234226
51.78438989034011,-9.435678799160629
51.823534510044595,-9.26989785864411
51.862449068947825,-9.10388420519024
51.901154467120676,-8.93754640686622
51.939628537653526,-8.770977456926587
51.977891938504236,-8.604085647930123
52.015922750398616,-8.43696431326454
52.05374138782869,-8.269521471873944
52.091326180876095,-8.101850795898297
52.128686963894985,-7.933906669864331
52.16583332402034,-7.765643191471193
52.202743968567816,-7.597154538186052
52.31213684332376,-7.089972204909508
52.348139028327815,-6.920404763490225
52.383922329225086,-6.750522738660216
52.41946621936395,-6.580421307499405
52.45478975038195,-6.41000702064947
52.9564903771234,-3.8229931038959633
52.98804050597241,-3.6484711537250822
53.01934061305619,-3.4737507741142566
53.050398852149975,-3.2987848484217785
53.08122311135266,-3.1235260051052367
53.11179566390077,-2.9480727708010472
53.1421328524293,-2.7723290934594074
53.1722172262297,-2.596393803981571
53.2020648629715,-2.4201706180986804
53.23165858959015,-2.2437586680043533
53.26101421763252,-2.067061440177285
53.29011485325413,-1.890178365031515
53.31897604073637,-1.7130127028153963
53.34758116701731,-1.535664178992603
53.37594550798438,-1.3580358306597642
53.40405273290655,-1.1802276750587084
53.43191784816357,-1.0021425292692714
53.45952480688886,-0.8238806989400788
53.48688834485592,-0.6453447843234126
53.51399270058079,-0.46663537600301874
53.5408523381475,-0.2876548606485485
53.56745178295688,-0.10850411020654076
53.59380522633593,0.07091469893745082
51.807990167643055,-9.830704292772351
51.84765573361304,-9.66518659573129
51.88709222341092,-9.499432836462782
51.92632082037268,-9.333351693877916
51.965319060851854,-9.167035985479094
52.004107887110145,-9.000394110993673
52.04266508169726,-8.833519231811378
52.08101134443228,-8.666319470314562
52.11912470579515,-8.498888330493257
52.15702562180164,-8.331133659284358
52.19469237259328,-8.163149301904461
52.23213481108816,-7.994889556892082
52.269362542641716,-7.826308433973238
52.30635422510912,-7.657500287414655
52.343129699114535,-7.4883722842720495
52.379667876487,-7.319019116221976
52.415988349349774,-7.149347682004897
52.45207028522304,-6.9794530090246125
52.48793302640701,-6.8092417298806796
52.5235559978253,-6.6388092059296655
52.5589582906423,-6.468061805866841
52.594119588891665,-6.297095223135158
52.93291800112346,-4.5727551936219575
52.965501430216555,-4.398877085007448
53.061796233939134,-3.8758223154606593
53.09341906740405,-3.7009367891875042
53.124791443342524,-3.525851065258669
53.15592153140516,-3.35051793165288
53.18681723510548,-3.1748899195806515
53.21746078370443,-2.9990657661056637
53.247868554901025,-2.822949219163465
53.2780230545028,-2.646639322542048
53.30794039477511,-2.4700395903193746
53.337603359673075,-2.2932493700250913
53.36702779486387,-2.1161719448630647
53.39619676403818,-1.938906963021248
53.42512584511499,-1.7613574798689937
53.45379838309487,-1.5836234410691414
53.48222968701302,-1.4056076772532171
53.51040338474006,-1.2274104282736098
53.53833451530657,-1.0489343031776177
53.566006990998716,-0.8702798326206884
53.59343557973692,-0.6913494072743629
53.62060447975277,-0.5122438451090845
53.64752818676633,-0.332865321685411
53.67419118646859,-0.15331493869874593
53.70060770130497,0.026505340082397848
51.98976172856547,-9.563479959966353
52.02907464059274,-9.397097885283404
52.06815690069352,-9.230479375348068
52.107029493477015,-9.063532661058753
52.14567015073319,-8.896351072290772
52.184099614298795,-8.728842560745314
52.222295864188006,-8.561100801387207
52.26027939809644,-8.393033468625688
52.29802844600495,-8.224734581148772
52.33555287945697,-8.05615835121339
52.37286232208982,-7.887258700261709
52.40993538207664,-7.718130159788698
52.44679194084222,-7.548679719735591
52.48341086086687,-7.379002251518722
52.519811774708955,-7.209004474942564
52.555973800884665,-7.038781599666595
52.59191632175582,-6.868240077541421
52.62761871359834,-6.697475454698695
52.66310010725678,-6.526393917280895
52.698340138485044,-6.355091346028
52.73335768529981,-6.183473663680492
53.102973593170795,-4.278606630053552
53.13514297557931,-4.103909797076677
53.16708040405867,-3.9289113362166184
53.19877627312517,-3.7536609207607468
53.23022124799231,-3.5782085215658372
53.26142351423981,-3.402506830863235
53.292390990848524,-3.2265082822309483
53.32310586288313,-3.0503118239179283
53.35358454324984,-2.8738210030779565
53.38380949405243,-2.697135077169366
53.41379686229391,-2.5201573578350263
53.44352938873016,-2.342987408749932
53.47302295328919,-2.1655283090464943
53.502260576978955,-1.9878799255216961
53.531257871495114,-1.8099451078546829
53.55999813968408,-1.631824022768442
53.58849672386631,-1.453419293603753
53.616737210298794,-1.2748313837104452
53.644734670799,-1.0959626932633137
53.6724729765918,-0.916913978837439
53.699966927878926,-0.7375874206695394
53.72720068239515,-0.558084065055455
53.75418876762936,-0.3783058755785836
53.780915629351874,-0.1983541846478239
53.80739552125758,-0.018130742532753704
53.83361317866136,0.1622628359546107
51.972912357575375,-10.126065926959994
52.01295479351768,-9.960286097339917
52.05279039041667,-9.794173652216303
52.0923963373197,-9.627821391369887
52.13179390305839,-9.461137659295899
52.17096052168246,-9.294215605830454
52.20991722030545,-9.126963292554665
52.248641679737986,-8.959474218175655
52.28715468399116,-8.791656163209378
52.32543416239278,-8.623602973963822
52.36350065447481,-8.45522215180076
52.401332339836,-8.286607889270439
52.43893910870672,-8.117714312054314
52.47633060306764,-7.94849525299922
52.51348538118742,-7.779045421253492
52.55042336544696,-7.6092716290845965
52.58712336875493,-7.439268928096916
52.62360506425964,-7.268943858583875
52.65984752124997,-7.098391812932409
52.69587016230359,-6.927519061653301
52.73165231482502,-6.7564213361487795
52.76721314949268,-6.58500463940193
52.80253225355661,-6.413365039969247
52.83762854447744,-6.24140827562203
52.87248187107443,-6.069230750115971
53.24032964589666,-4.157624214789022
53.27234085525516,-3.9822614625307438
53.30411009223811,-3.8066448441651164
53.335627997446856,-3.630824437923304
53.36690277244398,-3.45475283992027
53.39794235173042,-3.27838238571471
53.42872887595284,-3.1018122354985342
53.45927879336814,-2.924945734874912
53.48957452215549,-2.7478823557561207
53.51963224419773,-2.570525206566134
53.54943465683156,-2.3929740679348788
53.578997674386564,-2.215131814124687
53.60830427496918,-2.037098531377238
53.63737010419105,-1.8587768628681445
53.666178422526656,-1.6802671972423575
53.694744605719734,-1.5014719497219866
53.72305219819712,-1.3224918080423207
53.751116304699416,-1.1432289626633179
53.778920755175285,-0.9637843969939212
53.806480382242505,-0.7840600799794031
53.83377930292543,-0.60415728718149
53.86083207661487,-0.42397776933565523
53.88762310894865,-0.24362309053099002
53.91416668500247,-0.06299478665344058
52.11538167714866,-10.025521775420938
52.15530279708657,-9.859110923809089
52.19499398061148,-9.692458354762154
52.2344765395388,-9.52547224485949
52.27372785643755,-9.358245910586076
52.312769001082955,-9.190687243718228
52.35157760308588,-9.02288991213678
52.39017448878881,-8.854761524669055
52.428537536611934,-8.686396099330427
52.46668732808025,-8.517700963915951
52.504601992188405,-8.348770485225007
52.542291437915324,-8.17955870206907
52.57976532564641,-8.010019358387412
52.617002163522876,-7.840247341403211
52.6540219150374,-7.67014928515104
52.690803343303294,-7.499820421868237
52.7273661622141,-7.329167111762118
52.7636893916071,-7.15828493041561
52.799792494430584,-6.987079966408729
52.83565474899297,-6.81564813690679
52.87129536596066,-6.643895261126638
52.90669388385489,-6.471917595957942
52.94186925973361,-6.299620693580137
52.976801294066405,-6.127101148654273
53.34549022999595,-4.211602335860508
53.3775755546402,-4.035873996510958
53.59531611544259,-2.798882452439196
53.62544451851314,-2.621144428741769
53.655317143407316,-2.4432106377068106
53.68494993899754,-2.264983747925936
53.71432584026857,-2.0865640659216975
53.74346052688795,-1.907854027550691
53.77233721673928,-1.7289542442424535
53.80097131912785,-1.5497669222702493
53.8293463364327,-1.3703929746439245
53.857477406454464,-1.1907343812638713
53.885348317649154,-1.010892353288525
53.91297393518591,-0.8307686475125449
53.94033833516387,-0.6504647697057321
53.96745610900932,-0.4698822568822332
53.994311622014386,-0.2891229057800513
54.020919190767444,-0.10808803701398646
52.29755792308823,-9.757395462217094
52.33712581995386,-9.590106243237845
52.37646218015479,-9.422574879827666
52.41558811628749,-9.254709093462608
52.45448120653952,-9.086602721543455
52.49316231974419,-8.918163200697318
52.53160928318959,-8.749484721015932
52.56984272055287,-8.580474436199825
52.60784070999918,-8.411226887689491
52.64561317931867,-8.241696027126764
52.683169807364024,-8.071835509225762
52.72048905192245,-7.901740399711488
52.757590917756644,-7.731317153817484
52.79445411795749,-7.560661184864737
52.83109840732143,-7.389678672390134
52.86750275600655,-7.21846537564736
52.903686667488905,-7.046927200685172
52.939629370752805,-6.875160250931005
52.975350116609086,-6.703070161218833
53.01082839462184,-6.53075337729515
53.046083201602166,-6.358115265114764
53.081094289441424,-6.185252610792519
53.11588039962672,-6.012070513803351
53.418235262437,-4.441635804000709
53.4506281614677,-4.265848297131167
53.70103774879172,-2.8501393405303195
53.73123716521967,-2.6720189759052655
53.76118033352168,-2.4937010475503154
53.79088323725658,-2.3150880175730033
53.82032876806392,-2.136280413624877
53.84953263980911,-1.9571804634150738
53.878478027562615,-1.777889002032712
53.907180374331766,-1.5983080259588425
53.935623140226745,-1.4185386743798092
53.96382149624711,-1.2384827157782665
53.9917591891367,-1.0582415899910573
54.01945111675322,-0.8777168407894398
54.046881314052435,-0.6970102051071766
54.07406440463185,-0.5160230053498213
54.10098471322135,-0.3348572718871719
54.12765658805593,-0.15341410916131648
52.279829460108026,-10.32356994654661
52.32013020001988,-10.156899061327968
52.3602233985947,-9.989889311250677
52.43973966938848,-9.655040935078748
52.47916141880961,-9.487203799044265
52.51837249280453,-9.319030131975111
52.55735041791307,-9.150613941133901
52.596116105619224,-8.981862490436557
52.63464733185366,-8.812870142415843
52.6729647626053,-8.643543876150574
52.71104642498359,-8.473978408110185
52.748902265652596,-8.304127602466608
52.7865419819949,-8.133945024390401
52.82394398121641,-7.963525918531621
52.861128309508445,-7.792776560754739
52.898073629711476,-7.6217925459115925
52.93479973768295,-7.450479872284309
52.971285553673354,-7.278934483268725
53.00755062184392,-7.107062101781734
53.043574121625966,-6.9349590180088185
53.079375344131684,-6.762530681784196
53.114933729738716,-6.589873728231861
53.15026831516755,-6.416893336448883
53.18535880350175,-6.243686484549663
53.22022397573768,-6.07015808330392
53.837008157672294,-2.7231501929521538
53.8670222019913,-2.544446640156407
53.89679554545014,-2.365445963348913
53.92631103611843,-2.186248912158825
53.95558442220202,-2.0067575053171423
53.98459883573458,-1.8270728024483809
54.0133697535665,-1.6470965893956104
54.04188059331678,-1.4669302324247362
54.07014655932335,-1.286475287739986
54.098151356396905,-1.105833424786968
54.12590991522147,-0.9249059734380655
54.1534062293902,-0.7437949027486863
54.18065495480767,-0.5624013196256983
54.20764037542394,-0.3808274890556809
54.234376871254874,-0.19897429840349998
52.542316012287614,-9.72027760386125
52.581823497731236,-9.552133956679835
52.62112005686715,-9.383651652520967
52.66018316436245,-9.214924868846328
52.69903377451198,-9.045860696350413
52.73764961166297,-8.876553670367358
52.77605138427596,-8.70691059482755
52.81421706817786,-8.537026361613073
52.85215662896937,-8.366854747125016
52.88987978262564,-8.196349226671208
52.927364885543206,-8.025605224246037
52.96463202550092,-7.854528835777155
53.001659814860126,-7.6832158380907
53.038468090697734,-7.51157204762981
53.075035723127215,-7.339693592400413
53.11138229715297,-7.16748601158684
53.147486942423484,-6.99504578262528
53.18336899050955,-6.822278169733084
53.219007832372235,-6.6492799979294634
53.254422544797954,-6.475956258820199
53.28959278183204,-6.302404123062258
53.324537364135985,-6.12852831207024
53.94275546853169,-2.7745394316045386
53.972840722942,-2.595448765108143
54.00268483917761,-2.416058932492081
54.03227062151236,-2.2364709062121615
54.06161385263536,-2.0565864951883364
54.09069762131876,-1.8765069844570683
54.119537438397366,-1.6961339483753175
54.14811667877552,-1.5155689811926736
54.17645058026931,-1.334713425971726
54.204522805534104,-1.1536691826985916
54.23234831821856,-0.9723373664686639
54.25991107033244,-0.7908201794183579
54.28722575022405,-0.6090185120629931
54.31427660084449,-0.4270348649929553
54.3410780341253,-0.24476990758842548
52.76298271894099,-9.279540174792402
52.80191860485717,-9.1101624768696
52.84061940643621,-8.94053995136419
52.87910587477282,-8.770579226522974
52.917355934180954,-8.600375370029179
52.955379569261765,-8.429882070206931
52.99318651464672,-8.25905271217657
53.03075507569143,-8.087982899701576
53.06810538192375,-7.916578548195801
53.10521599499368,-7.744935616908881
53.14210679335853,-7.572959739851291
53.17875659676201,-7.400747230113087
53.215185031212044,-7.228203442535641
53.251371176340975,-7.055425042305023
53.28733440433806,-6.882317107394628
53.323054056514,-6.708976653243451
53.358549249880284,-6.535308483322257
53.393799589209976,-6.361409961380795
53.42882393498808,-6.1871856188182255
54.0484825689352,-2.826190744001851
54.07863937271048,-2.6467114522184776
54.108554599960854,-2.466930932173472
54.13821101093499,-2.2869503800103956
54.16762442295039,-2.1066713939920154
54.19677788128941,-1.9261954854557786
54.22568693091488,-1.7454240164109585
54.25433490378952,-1.5644588100079044
54.282737071349516,-1.3832009952906794
54.31087705386942,-1.2017527037310498
54.33876984810275,-1.0200148347553886
54.36639936425186,-0.83808982455437
54.39378032324736,-0.6558783463447703
54.42089692681906,-0.4734831373221297
54.447763618950944,-0.29080464796014915
52.82651247004354,-9.513811531337115
52.86574700199471,-9.344461210801857
52.904768517986355,-9.174769188473533
52.94355463850971,-9.004830346378895
52.98212615745641,-8.83455113654647
53.02046094739632,-8.664026802844871
53.05856901199501,-8.493210945214377
53.09646010460398,-8.32205685826232
53.134112479305564,-8.150660325941917
53.17154630753849,-7.978927082576422
53.20874010000834,-7.80695327028439
53.24571377671419,-7.634644340049991
53.282446106796236,-7.462096790517801
53.31895675742681,-7.289215791575775
53.35522475798784,-7.116098196655628
53.39126952144719,-6.942648896859471
53.42707033923063,-6.7689650985674845
53.46264636873418,-6.59495141647129
53.49797716522371,-6.420705407960756
53.53308162916643,-6.246131413758689
53.56793958145852,-6.0713273402230605
54.184416120615495,-2.698236105749487
54.21440279865265,-2.518063364203215
54.24413017678051,-2.3376887326991143
54.2736141070906,-2.157013597994272
54.30283759114598,-1.9761396986169462
54.33181620818157,-1.794968183364617
54.36053324699012,-1.6136011052065526
54.389004012770435,-1.4319393782887608
54.41721208318935,-1.2500853665152336
54.445172488246044,-1.0679397527484986
54.47286909611007,-0.8856052082085043
54.50031666043346,-0.7029821879035292
54.527499341500906,-0.5201736666377542
53.00758321695021,-9.23968331958198
53.04645501342214,-9.06942734294489
53.08511194036847,-8.898828811350096
53.123531818382325,-8.727983145234408
53.16172467025783,-8.55684385584521
53.19970026813081,-8.385364146948799
53.23743681457624,-8.213639983107827
53.274954523106665,-8.041576916975176
53.312231853248385,-7.869271273983024
53.349288766704774,-7.696628321492419
53.38610398177701,-7.52374474417246
53.42269720696371,-7.350525526343843
53.45904742116044,-7.177067710179513
53.49517407827496,-7.003275999279469
53.53105641961161,-6.8292477914865914
53.56671364311157,-6.654887512065521
53.602125254296695,-6.480292912593973
53.63731019377631,-6.305368142453593
53.67224823309249,-6.130211304917961
54.32022924014645,-2.569458531357506
54.35002792672766,-2.388688257580525
54.37958271552032,-2.2076153907696745
54.40887656413665,-2.0263418975384853
54.437925086228724,-1.8447687126023364
54.46671152718906,-1.6629981196726364
54.49525122612261,-1.4809308171113882
54.52352771785946,-1.2986694022068195
54.55155606578634,-1.1161143403561935
54.579320095812605,-0.9333685387895895
54.60683459445177,-0.7503322333900762
54.63408368031762,-0.5671086375801582
53.14931845022708,-9.13433232567274
53.18806114359508,-8.96341364009145
53.226566468276694,-8.792245790739074
53.264844466259035,-8.620782199860283
53.30290492852653,-8.448975980051484
53.34072600591187,-8.276923276900199
53.37832795416476,-8.104529460809452
53.415689181396544,-7.931891040965639
53.4528296911777,-7.758913100509979
53.489728150734095,-7.585692510602306
53.52640431005293,-7.412134069382105
53.56283709730643,-7.238335008255638
53.59904600750395,-7.064199842689666
53.63501023159101,-6.889826162507995
53.670749008214955,-6.7151182029000145
53.70624179291585,-6.540173910175999
53.741507566605385,-6.364897241711039
53.77652605123353,-6.189386498265756
54.36552777725439,-2.982733960810222
54.39590128382393,-2.802079681112172
54.426031892668895,-2.6211178642698294
54.455902230571155,-2.4399503826723814
54.48552821961063,-2.2584781974995964
54.51489277321582,-2.0768035043454294
54.54401153960157,-1.8948270229703195
54.57286772052855,-1.7126512687520365
54.601476689151745,-1.5301767233799461
54.62982193723434,-1.3475062184798894
54.657918561692874,-1.1645400010796148
54.685750345947696,-0.9813812154018748
54.71333210951441,-0.7979298772848531
53.25214821534285,-9.199550083648477
53.36793168297712,-8.685030729398536
53.40607737429844,-8.512897096836136
53.44398334735013,-8.3405149334343
53.48166990028496,-8.16778942675734
53.519115389560106,-7.994817270192058
53.55633986077856,-7.821503362053533
53.59332192985094,-7.647944760464387
53.63008138841791,-7.474046076759175
53.66659711368784,-7.299904732075752
53.70288864193596,-7.125425053106451
53.73893511350788,-6.950704822180891
53.77475580792076,-6.775648083754589
53.810330130491415,-6.600352979422098
53.84567710259677,-6.424723273875974
53.880776396352914,-6.248857465942768
54.440458687442245,-3.2162915585873817
54.47116469401235,-3.0354532197105506
54.50161112995732,-2.8544042054631173
54.53181422572781,-2.6730455094152226
54.56175656314568,-2.4914792311155702
54.59145409950799,-2.3096061176563465
54.62088970382314,-2.1275285945196956
54.650079059016534,-1.9451471656244563
54.67900532298176,-1.762564578952078
54.707683903070105,-1.5796810986166296
54.73609824774397,-1.3965997915484907
54.7642634875942,-1.2132206854874104
53.432534851314315,-8.921705735795433
53.47098423568978,-8.749590899313548
53.50921552186249,-8.57712895632709
53.54720675646439,-8.404416415730733
53.58497828021767,-8.23135828166141
53.62250839768516,-8.058051432148341
53.65981719666828,-7.88440058007417
53.696883241521476,-7.710502970992485
53.73372636570421,-7.536263028808968
53.77032539521947,-7.361778364887733
53.806699907773066,-7.1869531165051885
53.84282899286871,-7.011885259018179
53.878731971057334,-6.836478645489292
53.914388197190114,-6.660831613345903
53.94981673327242,-6.484847733921411
53.98499720134381,-6.3086257046842835
54.32358834266981,-4.530624313179772
54.35611011919782,-4.351271895119229
54.5459987839327,-3.269678070771158
54.57677855132334,-3.0884454001742876
54.60729826875064,-2.9070001014439546
54.637574202532605,-2.725242954979876
54.66758888929218,-2.543276288368881
54.697358321693514,-2.3610006337426213
54.72686532408702,-2.1785186473798355
54.75612561425706,-1.995730616468476
54.785122305993546,-1.8127395225320078
54.8138708409908,-1.6294454112037229
54.842354624175144,-1.4459515856868723
54.87058881995682,-1.2621578535116813
53.45769837762613,-9.330929694979636
53.49670055819954,-9.159045500687586
53.53546441195355,-8.986905940979648
53.57400003884692,-8.814464169198374
53.612317286802394,-8.641673022419466
53.65039414999166,-8.468629191810981
53.68825101187309,-8.295237497494023
53.72586612487412,-8.121595002577983
53.76325961916085,-7.9476062339068285
53.800410007289784,-7.773368624929227
53.837337164704856,-7.598786411497993
53.87401986596126,-7.423957395694333
53.91047773036048,-7.248785524736934
53.946689796321316,-7.073368967527789
53.98267542559293,-6.897611385077003
54.01841392231738,-6.7216113111901
54.05392438929218,-6.545272123164048
54.08918639823656,-6.3686927176822286
54.4611707610063,-4.407265003806463
54.65151342523306,-3.323340537128369
54.6823673083329,-3.1417120033244483
54.71296066096797,-2.959868867976984
54.74330978547557,-2.7777116974564224
54.77339717303947,-2.5953430482666198
54.8032388518413,-2.4126632367031835
54.83281760133439,-2.2297751507505335
54.86214917431081,-2.0465788599737262
54.89121664021892,-1.8631775803775863
54.92003547524316,-1.6794711382062883
54.94858904053729,-1.4955630739056527
54.976892534476356,-1.3113529738718894
53.52111432210641,-9.568951827532596
53.56041993878175,-9.39709789417825
53.63836012050332,-9.052424995738598
53.67698236212372,-8.879655402682873
53.71538594442308,-8.706534145983673
53.75354880886915,-8.533158099499097
53.791491381825765,-8.359431898736545
53.82919186334036,-8.185452792328627
53.866670426112556,-8.011125120464742
53.90390553065551,-7.8365465049584335
53.940917094565954,-7.661620992975691
53.977683840705176,-7.486446577811731
54.01422543013803,-7.310927015975539
54.05052084995178,-7.135160670438644
54.08658950326079,-6.959051009488649
54.122410643250866,-6.782696763861397
54.15800341367795,-6.606001116129452
54.193347335693446,-6.429063162771392
54.22846129229777,-6.25178580322184
54.26332507446855,-6.074268497570704
54.29795730306519,-5.896413864761003
54.75700605497503,-3.3772832821088863
54.78793441416971,-3.195257331002077
54.81860176121936,-3.013014783961105
54.849024434634735,-2.830455992454753
54.87918487991661,-2.6476837427949675
54.90909916091676,-2.464598134552036
54.93875001194858,-2.2813022883377565
54.96815322096298,-2.097696055188279
54.99729181282515,-1.9138828865422692
55.02618129835911,-1.7297623883321844
55.05480499470579,-1.5454383392297355
55.08317813435275,-1.3608101035581026
53.58408026574404,-9.807678852319505
53.62371132006972,-9.635764150209503
53.66310480804402,-9.463588160193504
53.74121988304899,-9.118264414214698
53.77992911276715,-8.945166118517147
53.8184194031542,-8.771713850200998
53.85666864272923,-8.598004666226327
53.89469730093136,-8.423943016889226
53.932483525182434,-8.249626336784079
53.9700475308849,-8.07495877882984
54.00736772626214,-7.900038153670555
54.04446407123254,-7.724768319151252
54.08131523671629,-7.5492474602741835
54.11794092570983,-7.37337914218627
54.15432007372108,-7.197261922449297
54.19047212539718,-7.020799075957871
54.22637628271947,-6.844089530926914
54.26205173056907,-6.667036274515919
54.29747793928094,-6.489738603575806
54.332673832564375,-6.3120992201197055
54.367619150981874,-6.134217787506401
54.40233255567678,-5.955996725261371
54.4367940593061,-5.777536061010434
54.47102205906478,-5.598737934521839
54.89347782261661,-3.2490829444369806
54.924219524971235,-3.0664394083333675
54.954716107170185,-2.8834773963819016
54.984949968785905,-2.7002999255939093
55.0149372094935,-2.516806877922429
55.04466051822227,-2.3331016075290014
55.07413571823356,-2.149083746012012
55.10334578956631,-1.9648569811974534
55.13230627783415,-1.780320697780479
55.16100045592343,-1.5955789136434184
55.1894435905825,-1.4105307700942342
53.68654954765404,-9.87513629648599
53.726269155649135,-9.702900865275426
53.765750888357026,-9.53040200218562
53.80501588803683,-9.357544729960964
53.844041604784785,-9.18442571559151
53.88283819712829,-9.010997840631916
53.92141557052501,-8.83721366357166
53.959751560299736,-8.663170424880018
53.99786667913717,-8.488772389044259
54.03573902158696,-8.314117177054655
54.0733888459242,-8.139108753943836
54.11079450783511,-7.963845119647663
54.14797600972889,-7.788229942055976
54.18491197033661,-7.612361598366974
54.221622134754824,-7.436143461712913
54.25808538666346,-7.259674284762736
54.2943212124103,-7.082857148347063
54.33030876252297,-6.9057911787051465
54.36606726317495,-6.728379166894082
54.40157613363505,-6.550720610711077
54.43685433848789,-6.372718014040144
54.47188156763082,-6.19447124411185
54.50667652265665,-6.015882520308298
54.541219165971704,-5.837052077054916
54.575527934785896,-5.657881851975531
55.029811906806,-3.12014430890048
55.060382759363115,-2.936777474590107
55.090690397636166,-2.7531931593215653
55.12075095727742,-2.569291026536109
55.15054708158632,-2.3851746648678684
55.18009462928685,-2.200743485565842
55.20937653534724,-2.016101413797763
55.238408380321154,-1.831147612092887
55.26717339259725,-1.6459863385302038
55.29568687333341,-1.4605165104571485
53.82879106186131,-9.770366999157783
53.8683614184439,-9.597544435137717
53.90771477771463,-9.424361116926583
53.9468285358687,-9.250913891085139
53.98571287109102,-9.077155547919086
54.02437770815236,-8.903038552361828
54.062800828934,-8.728660328803679
54.10100278953905,-8.553924955316186
54.13896163139481,-8.37893023972462
54.17669765582139,-8.203579958549684
54.2141891657168,-8.027972301485823
54.251456206152916,-7.852010745823412
54.288477343419835,-7.675793861451391
54.32527236488552,-7.4992248288243974
54.361820102149395,-7.322402596241766
54.39814008343045,-7.145230049788513
54.43421140754956,-6.967806514280192
54.470053342142414,-6.790034583971303
54.50564525515819,-6.612013958186392
54.54100615222584,-6.433646941961593
54.57611567232376,-6.25503360700974
54.61099255766234,-6.0760759718322905
54.64561672014329,-5.896874478294513
54.68000663715854,-5.717330861120077
54.714142495419715,-5.537545929974099
54.91380973122623,-4.452642487267359
54.946213639487695,-4.270855219812758
54.978376167999066,-4.0887367037478555
55.01027876321146,-3.9063893715186917
55.04193842158316,-3.723713449567571
55.07333687458833,-3.540811723069149
55.135382351396956,-3.1741338781664
55.166027841482695,-2.990360596021857
55.19640962231585,-2.8063677890097742
55.226543865681904,-2.622054901150983
55.25641316900104,-2.437525756487841
55.286033426614345,-2.252679544993978
55.31538752817109,-2.0676204301465115
55.34449108931777,-1.8822473513656803
55.373327293698466,-1.6966648079269198
55.40191147703159,-1.510771492256995
54.01037639329412,-9.491506821757943
54.04957857395842,-9.317730521036328
54.088551033519146,-9.143640825615204
54.12730371612817,-8.969190106520683
54.1658143499731,-8.794475972471053
54.20410353474878,-8.619402314515364
54.242149258509016,-8.444067127748292
54.279971865791794,-8.268373999553
54.31754960645483,-8.09242130984484
54.354902568405016,-7.9161123446702275
54.39200926523859,-7.739545867099473
54.4288895267667,-7.562624864246273
54.465522132254634,-7.3854484805595995
54.501926651963714,-7.207919406696765
54.53808213275388,-7.030137166597912
54.57400788389331,-6.852004157014027
54.609683221757024,-6.673620279374681
54.64512719318771,-6.494887639148452
54.715278583160284,-6.136578718225381
54.74998464584058,-5.9570049043535676
54.78445609177246,-5.777086602588946
54.953095749554436,-4.873268560476324
54.98608627063007,-4.691608357048676
55.018818338579166,-4.509712855183604
55.05130041826271,-4.327533060493183
55.08354069992781,-4.1450196849864644
55.115520581791245,-3.9622753856115907
55.14725709810456,-3.7792001742176757
55.17873193261239,-3.5958970634550607
55.209961845475014,-3.412265799121487
55.2409288078005,-3.2284097464248345
55.271649304351854,-3.044228388420007
55.30210559542357,-2.8598254396021208
55.33231388909094,-2.675100123660186
55.36225673664405,-2.4901565009809348
55.39195006819606,-2.304893539333704
55.4213767278276,-2.119415641473596
55.45055236643132,-1.933621522765553
55.47946012265826,-1.7476159246825835
55.50811536693899,-1.5612973137673474
54.07346740823134,-9.73282135913821
54.11299863029087,-9.558983425068265
54.1522896157485,-9.384877191284373
54.19135058230839,-9.210455264602416
54.23019149357168,-9.035669921788937
54.26879002378121,-8.860618956292006
54.30716681639736,-8.68520607153162
54.345299805848256,-8.509529450301422
54.38320938006312,-8.333492490221461
54.420873735606285,-8.157193761885704
54.458313003392455,-7.980536359452002
54.495505644070136,-7.803619239658283
54.532471530065784,-7.6263451956136725
54.56918938805597,-7.448813568431994
54.605678830515856,-7.270926852660186
54.64191885208922,-7.0927847719075245
54.67792880384755,-6.914289524719852
54.71368795033592,-6.735541215205963
54.74921537978075,-6.556441748546336
54.85432086608274,-6.017445002898245
54.88887422321808,-5.837150725173568
54.92317267781263,-5.656610805092851
55.057917273429176,-4.931418991584333
55.09098723106607,-4.7493691873352395
55.12379828318584,-4.567081937326712
55.15635891159538,-4.384508144311912
55.188677323006594,-4.201598415200996
55.22073486714641,-4.01845563225109
55.25254861622121,-3.8349795918579814
55.28410020599118,-3.6512735349867285
55.31540643407728,-3.467236990031274
55.34644922412285,-3.28297355351251
55.377245097848906,-3.098382489150401
55.40777626861916,-2.913567745742357
55.43805898095593,-2.728428325731409
55.46807573976681,-2.5430685267852726
55.49784251109259,-2.357387093537128
55.52734209319402,-2.171488668989492
55.55659017236376,-1.985271743502622
55.58556984200997,-1.7988413017494809
55.61429650742734,-1.6120955834219028
54.136125467302435,-9.974761154864986
54.215584718634354,-9.62679604894347
54.254964896991616,-9.452359012061853
54.294114759041776,-9.277603962954418
54.33304428790444,-9.102483083769805
54.371731103622885,-8.9270943530921
54.410195893599514,-8.751341286096158
54.48641346946347,-8.398940463151977
54.52416482986141,-8.222294676160743
54.561690793672724,-8.045287794349782
54.598969768340375,-7.868018968616563
54.636021669081146,-7.690390797391558
54.67282516972438,-7.512502818974702
54.7093999251333,-7.334257331109212
54.74572487747643,-7.155754257624506
54.78181941980202,-6.976895598148656
54.81766276456558,-6.797781660050843
54.85327404154997,-6.618314147491584
54.88863273543978,-6.438593749272904
54.923757711313826,-6.258521876809282
54.95862872802131,-6.0781995981096415
54.99326438451033,-5.897528034639531
55.195862538759584,-4.807434868183551
55.22875295894129,-4.624754400677959
55.26139251918965,-4.441785116993102
55.293789442740184,-4.2584775184897
55.32592503057057,-4.0749347135513885
55.357816393006125,-3.8910562822469825
55.38944511756373,-3.7069456947064503
55.420828039487695,-3.522502261027873
55.45194703469849,-3.3378298099282055
55.48281866203633,-3.1528273848821264
55.51342508767686,-2.9675991699054913
55.543782592749025,-2.7820439452668477
55.573873635521664,-2.596266246864262
55.60371421812112,-2.4101645952483084
55.63328709273322,-2.2238438746516684
55.662607981206804,-2.0372023494656597
55.69165993145335,-1.8503452485794518
55.72045838378621,-1.6631705838521613
54.318132545955464,-9.694946337205833
54.35760230654723,-9.520177632586725
54.396841453830206,-9.34508857509599
54.435859990511894,-9.169631251904907
54.6650338387402,-8.110368334743027
54.70239953896961,-7.932746742960247
54.73953784617985,-7.754763361962317
54.77642738109352,-7.576517927752339
54.8130878411366,-7.397912540575863
54.84949811574214,-7.219047325029535
54.88567764010908,-7.03982408111026
54.921605574342685,-6.860343320025112
54.9573010899553,-6.680506544181848
54.99274361968033,-6.50041464929636
55.027952069895846,-6.319968842921466
55.062906147913075,-6.139270403059949
55.09762449354004,-5.958220245220344
55.33368029562029,-4.682731960899319
55.36639917257683,-4.49936569342302
55.39887499243047,-4.3156587087125065
55.43108900714874,-4.131714342094319
55.46305836534055,-3.9474319564343205
55.49476460601918,-3.762915251876843
55.52622460221555,-3.578063319329479
55.55742018186757,-3.3929802205879906
55.588367941096436,-3.2075647779686736
55.619049998630985,-3.0219214116219892
55.64948267236688,-2.835948678710624
55.679648373676436,-2.6497513543127984
55.709563140930065,-2.463227733946933
55.739209679981975,-2.276482944059469
55.768603748394035,-2.089415022105251
55.79772834832564,-1.9021294422071762
54.38083907808601,-9.938262126861863
54.46019973223511,-9.588334708057479
54.7683400370194,-8.175779673195647
54.80579285580589,-7.997804259003551
54.843017962654805,-7.819464589178858
54.8799939249213,-7.640860597940518
54.91674048276935,-7.461894187341916
54.953236472635105,-7.282665683289964
54.98950137204278,-7.103076685436268
55.02551428848527,-6.923227909399528
55.061294435378166,-6.743020655101017
55.096821193241254,-6.562556025775332
55.13211350992464,-6.381735024360369
55.167151040938805,-6.200659139489055
55.201952467123455,-6.019229079940166
55.47137680223694,-4.557251598178295
55.50393190433234,-4.373143709520999
55.53622473092356,-4.188796240352003
55.568272469068326,-4.004108335455896
55.60005660901453,-3.8191839258399654
55.63159406174348,-3.633921882324201
55.66286660694948,-3.448426500665411
55.693890878196946,-3.2625963811057233
55.72464894650762,-3.0765361808463205
55.75515716670458,-2.8901442330097287
55.78539790300433,-2.703525552804478
55.81538723018037,-2.5165782097642
55.84510780749718,-2.32940757353346
55.87457542838686,-2.1419114536598234
55.90377304899994,-1.9541955705186145
54.7958095121366,-8.597281550709662
54.833824245368504,-8.419588490296015
54.87161265701255,-8.241526938166842
54.90915299333543,-8.063196630614032
54.94646529898122,-7.884499577973785
54.98352808767305,-7.705535913199408
55.020361142490835,-7.526207339446805
55.05694324660858,-7.346614384482418
55.093293920052886,-7.166658446887287
55.129392217438465,-6.986440447272244
55.16525739426044,-6.805861482326869
55.20086877855866,-6.625022863416538
55.236245359830676,-6.44382538809917
55.271366741519515,-6.262370756281886
55.3062516456711,-6.08055946922883
55.60896357251607,-4.4309372686818564
55.64133560188765,-4.24618513392244
55.67346211009566,-4.06109012235397
55.70532453835677,-3.8757563967064144
55.736939835768986,-3.690082606800985
55.7682897335179,-3.504173283249492
55.79939090277596,-3.317926803289748
55.83022536659345,-3.1314480621020437
55.860809516884146,-2.9446351678198
55.89112567044537,-2.757593376744854
55.921189938615214,-2.5702205314584874
55.950984933806204,-2.382622245801148
55.98052648548049,-2.1946961004271515
56.00979750351875,-2.006548062996913
54.97484958942854,-8.307611889183118
55.01247784374798,-8.1289256211983
55.04987774885171,-7.949870095415327
55.087027764565136,-7.770545644035852
55.12394771706255,-7.590853770612332
55.16061633598937,-7.4108952053158275
55.197053184052216,-7.230571144930716
55.3048842804207,-6.6878169485605286
55.34034552606576,-6.506241722295055
55.51391974411777,-5.593893215408532
55.615082133398126,-5.042789842945907
55.71396792286208,-4.489041177933736
55.74641954777951,-4.303882813325778
55.77862521803292,-4.118379106164156
55.8105663255406,-3.932634451760352
55.842259857684105,-3.7465472780229505
55.8736874968737,-3.5602223513121967
55.9048659520551,-3.3735578249286164
55.93577719804146,-3.186658832959856
55.96643766400085,-2.9994232575982807
55.99682961904657,-2.811956597202329
56.02696921124344,-2.6241564664301364
56.05683900588817,-2.4361287243165624
56.086454868633304,-2.247770721633239
55.11576529807963,-8.194993002075153
55.15325320480341,-8.015577916634307
55.190490849656896,-7.835891569167853
55.22749810208781,-7.6558352629183055
55.26425363794521,-7.475509931002007
55.30077706279415,-7.2948165676798125
55.337047324690374,-7.1138565052724
55.37308376381944,-6.932530431766414
55.65245325620813,-5.470947469752193
55.71981441420626,-5.102415087899268
55.818942880126755,-4.547457239536437
55.85147449521848,-4.361891079707939
55.883759721376805,-4.175977086649669
55.915779900952735,-3.989819889112421
55.94755205977887,-3.8033176921756704
55.97905783122193,-3.6165754988409162
56.01031396216691,-3.4294912375355593
56.04130237892236,-3.24217028218268
56.072039548074976,-3.054510288078566
56.13272299201429,-2.67838779351331
56.16266796967065,-2.489928784041559
55.25659493295552,-8.081628269481213
55.293920615178116,-7.901578901271942
55.440825700050134,-7.178066964559407
55.756993513860486,-5.531691600345793
55.790882546929446,-5.347179733227903
55.82451947710559,-5.162361975983262
55.92389182648085,-4.606190329693079
55.95650383243549,-4.420214786929069
55.98886901441027,-4.233888894924483
56.02096866491598,-4.047317516738323
56.05281984840636,-3.860398633690143
56.08440414893222,-3.6732374863271575
56.11573835148638,-3.4857317772532075
56.14680433360118,-3.2979871211671257
55.895475710946386,-5.4078514633346995
56.0288126800283,-4.665242321564582
56.06150547947009,-4.4788558070058375
56.09395101912325,-4.292116401582488
56.12613054138397,-4.105129203529503
56.158061149497605,-3.9177919694729284
56.1897243779253,-3.730210178409511
56.22113704993672,-3.542281306166081
56.25228099401485,-3.35411120915727
56.283172752084916,-3.1655970859742317
56.31379444859534,-2.9768451669650684
56.344162342774716,-2.787752377125386
56.37425885696622,-2.5984253171091516
55.89713407976201,-6.023743072605568
56.00003707300775,-5.468850086305914
56.03383959750446,-5.2832281922662725
56.06737910832601,-5.097348477728242
56.100664242521816,-4.911160900061232
56.16647735516116,-4.537816023360402
56.19900365631092,-4.350661488731206
56.231263453121585,-4.163256829996137
56.263273887801475,-3.975499578151363
56.29501644494655,-3.7874954515461474
56.3265079862729,-3.599141698273884
56.3577302909395,-3.410544417404718
56.38869993879254,-3.2216005777143653
56.41939900551317,-3.0324166555006076
56.44984378771655,-2.84288934388403
55.96651956234009,-6.271036433299763
56.00141421924795,-6.086271397040564
56.03604827147551,-5.901240415775572
56.13845591729877,-5.344154481040307
56.172078382512325,-5.157868057977695
56.20544602825873,-4.971271278589043
56.238567229179786,-4.7843136734467695
56.271422835494086,-4.597100423116142
56.30403030815354,-4.40952912056855
56.33637078849254,-4.221705337001565
56.36846145785627,-4.03352637683052
56.400283750695664,-3.845098198671803
56.43185456734561,-3.6563178219140466
56.46315563736202,-3.467291589234833
56.4942035786827,-3.277916238602897
56.52498041794344,-3.0882984932552016
56.55550248931473,-2.89833481342576
56.17484691898959,-5.777960374206551
56.24304028466321,-5.405412143115083
56.27674611784499,-5.218717483376847
56.310196688031255,-5.031709948136869
56.34340038699257,-4.844338957711029
56.37633801348475,-4.656709927067684
56.40902706828065,-4.468720223812926
56.44144864176261,-4.280475656936518
56.47361995458642,-4.0918733033230215
56.50552239077752,-3.9030193627654994
56.53717288946188,-3.713810624977324
56.568553130312424,-3.524353677190779
56.59967976952921,-3.3345450255767792
56.630534784423595,-3.1444916412966673
56.66113454689038,-2.9540897506868498
56.69146133385645,-2.763446705178781
56.7215312315492,-2.572458455061208
56.751326818473025,-2.3812327282280097
56.38138566294267,-5.2799018993408415
56.414919576772085,-5.092482032358716
56.44820619234679,-4.904696053864178
56.48122625667416,-4.7166496140739875
56.51399731052599,-4.528239854285256
56.54650039304721,-4.339572822163007
56.5787527643807,-4.1505453660963125
56.610735757841624,-3.9612639279760162
56.642466351521854,-3.771625066854672
56.67392617492727,-3.581735615478694
56.70513192269328,-3.391491847214901
56.73606552252362,-3.2010009821470793
56.766743384208745,-3.010159011687241
56.79714773564348,-2.8190735395875937
56.82729470040205,-2.6276402791160645
56.85716680854867,-2.4359672138736284
56.48599491801221,-5.341423324176242
56.519612596726375,-5.153589549171724
56.55298254954326,-4.96538697913783
56.58608547143455,-4.77692150038312
56.61893894334954,-4.588090026949268
56.65152395290878,-4.398998846058114
56.683857799919394,-4.209544576635539
56.71592176669971,-4.0198339035902375
56.74773287048301,-3.8297631543251387
56.779272690322244,-3.6394394080596713
56.810557959462045,-3.4487587043468353
56.841570555713446,-3.2578285131908293
56.872326926934626,-3.066544590048832
56.90280925170429,-2.875014792031086
56.933033691113735,-2.683134594333738
56.96298272650402,-2.4910122373417094
56.99267223083713,-2.2985429199032352
57.022084990195324,-2.1058352616925333
56.48791242110571,-5.966207269561965
56.52239133975856,-5.778872203678881
56.55661512893884,-5.591213538377009
56.62427546331088,-5.2150355974467155
56.657729177516316,-5.0264148245783975
56.690915380225576,-4.837528668872688
56.72385169274545,-4.648273816162583
56.75651905088251,-4.458756794110911
56.788934794286526,-4.268873991205606
56.82108015398989,-4.078732336296393
56.85297218654415,-3.888227924140474
56.88459242026078,-3.697468081392824
56.91595762716886,-3.5063486127753576
56.9470496348989,-3.314977239214823
56.977884929550285,-3.1232494791753025
57.00844564009879,-2.9312734441671338
57.038747965324326,-2.738944370255633
57.06877433755921,-2.5463707556917874
57.098540666892276,-2.353447558080529
57.128029691007825,-2.1602836584145195
56.62676855459899,-5.841903397227327
56.661077872018964,-5.653832792628197
56.69512140218612,-5.465489662168222
56.76244579175186,-5.0877827175842025
56.79571570209422,-4.89847423878449
56.82873528133123,-4.708794332654121
56.86148541316324,-4.518849768183535
56.89398347726251,-4.328536702440893
56.926210653083686,-4.137962309143177
56.95818403667479,-3.9470224493984123
56.989885105314634,-3.7558246982632095
57.02133066999317,-3.564264624603517
57.052502507870095,-3.3724502012748983
57.083417143460586,-3.180276708702233
57.11405665584813,-2.9878525138426144
57.14443728167405,-2.795072612563442
57.17454140397357,-2.602045762069131
57.20438497013333,-2.4086666776333243
57.23395066915258,-2.215044502695427
57.26325415780076,-2.0210736759805306
56.696462460608444,-6.093439330613568
56.731113738793404,-5.905284142719395
56.765509017676564,-5.716800055157735
56.79963804450012,-5.528040897471346
56.83350958056599,-5.338955866053781
56.86713210423544,-5.14949382242335
56.90048615262326,-4.959761366244582
56.933589428296656,-4.7696547240461715
56.966422762554956,-4.579280907035242
56.999003575274,-4.388535839871239
57.0313129940363,-4.197526942067535
57.0633681545658,-4.006149840072145
57.09515048281488,-3.8145123583128875
57.12667682891215,-3.622509828767218
57.15792891925336,-3.4302504772298192
57.18892331694555,-3.237629345032342
57.219642050887686,-3.044755055629957
57.250101395756666,-2.8515223636167994
57.28028368499962,-2.65804028624329
57.31020490347311,-2.46420329535542
57.339847691201584,-2.2701207979733615
57.36922774184958,-2.075686987266709
56.835422969453234,-5.969015454365703
56.869904643611136,-5.7801163479028155
56.90411960021959,-5.590939599541825
56.93807661858925,-5.401434295041628
56.97178419459069,-5.2115491826315035
57.005222812129645,-5.0213911014528545
57.038410214677526,-4.830856046932934
57.07132718083691,-4.640051273378536
57.103991170868376,-4.448872472052297
57.136383260186925,-4.2574273091874915
57.168520624372036,-4.065611175561959
57.20038463775473,-3.87353214593909
57.23199218978017,-3.6810853143757862
57.263324955786025,-3.4883791606113816
57.294399537647266,-3.2953084858305544
57.325197913785125,-3.1019821710335593
57.355736397086275,-2.9082947284660365
57.385997271117546,-2.7143554365131415
57.4159965583777,-2.520058522496734
57.445716849625505,-2.3255136581484135
57.47517387559076,-2.130614789964815
57.504350536253796,-1.9354719788218353
57.00857301372377,-5.654193385658153
57.04261595648625,-5.464266180107434
57.07640902633634,-5.273956341878875
57.109932653668444,-5.083370950451915
57.14320462304505,-4.8924057691635285
57.17620566006994,-4.701168296322282
57.20895326557379,-4.509553988782463
57.241428462502405,-4.317670760440657
57.27364846647437,-4.125413765370494
57.305594599898306,-3.932891329656013
57.33728379171775,-3.739998308377211
57.36869766591201,-3.5468434362451555
57.399852863303956,-3.3533212732190663
57.43073131153762,-3.159540958913669
57.461349361887585,-2.965396762125745
57.491689247742,-2.77099822348713
57.52176702941801,-2.5762393246735087
57.55156524811151,-2.381230003282681
57.58109967179174,-2.185863957994838
57.61035315150938,-1.9902515191566625
57.639341161514714,-1.7942861066601654
57.14712366478918,-5.5274526463307305
57.18100267076109,-5.336716432174673
57.214611749311125,-5.145702051897753
57.24796872627969,-4.954305035758736
57.28105427396881,-4.76263312696383
57.31388593396457,-4.570581546948188
57.34644467644092,-4.378258458209311
57.37874775723927,-4.185558777083107
57.4107764465437,-3.9925910819540036
57.44254771297809,-3.7992499878690413
57.47404312886178,-3.6056444855332335
57.505279374145786,-3.4116688926020036
57.53623832539631,-3.2174326083695055
57.56693637245405,-3.0228296570832085
57.59735569822898,-2.8279698427296838
57.627512401032725,-2.6327469002161155
57.65738897220014,-2.4372710341578507
57.68700121711392,-2.241435694274716
57.71633193759834,-2.0453514815790106
57.74539664472672,-1.848911564838753
57.14816437904588,-6.162365571877229
57.28556482531071,-5.399832770614769
57.31925980024927,-5.208387714825004
57.35270222933011,-5.016557147308152
57.38587273124785,-4.824449057066046
57.41878888853055,-4.631958429096454
57.45143161827509,-4.439193675438099
57.48381821673056,-4.246049473647952
57.515929901551665,-4.052634655393799
57.547783681225866,-3.858843594625728
57.57936107610839,-3.66478553906872
57.61067880545972,-3.4703545629877794
57.64171869446492,-3.2756603264259367
57.67249717171026,-3.080596607972367
57.70299636932517,-2.8852734760814434
57.73323242379333,-2.6895844177607477
57.76318777628736,-2.4936399058002157
57.79287826977887,-2.2973331398062755
57.32173957585641,-5.846105323390028
57.35604296363947,-5.654902660928341
57.39009518365642,-5.46330871388393
57.42387650393822,-5.27143128788357
57.4574048334474,-5.079165444037278
57.4906607369627,-4.886619418042454
57.52366183814234,-4.6936879574338
57.55638900069774,-4.500479724734125
57.58885956147234,-4.306889157672445
57.62105468528358,-4.113025342186093
57.65299142066723,-3.9187824100560946
57.68465123570725,-3.724269867057246
57.71605088915646,-3.529381542969149
57.74717215451242,-3.334227359657551
57.778031499288005,-3.1387008489356814
57.808611004526675,-2.9429123448438954
57.39141153341505,-6.102092755728598
57.42606282417074,-5.91080406834667
57.52846155403983,-5.33483615991218
57.56207623612819,-5.142133306383616
57.59541799245398,-4.94914758153587
57.628504487995166,-4.755773494407285
57.66131653276669,-4.562119958950128
57.69387150439415,-4.368081172008624
57.7261505145471,-4.173766474778906
57.75817065199575,-3.9790697557927057
57.31800013959736,-7.121094565344337
57.49560920579336,-6.1675862112312485
57.599055645010225,-5.591350810063484
57.6330110151386,-5.398603542699503
57.666712502812786,-5.205461953006172
57.70014056404489,-5.012034772770907
57.7333129053221,-4.818216271503147
57.76621028265087,-4.624115615523616
57.798850114626795,-4.429626759735366
57.83121345945991,-4.234859301576727
57.86331744634094,-4.039706885250161
57.89514343788005,-3.8442795357253208
57.421715229459444,-7.189066285601043
57.564677369446365,-6.42530510851344
57.5997763684257,-6.233456820860117
57.634605372726654,-6.041312084848002
57.73753182470879,-5.4627413300349446
57.77132058091044,-5.269159238916985
57.80483540905483,-5.075288807388005
57.838094057332384,-4.881024064371621
57.871077227422255,-4.686474429515874
57.90380237908231,-4.4915336147014715
57.936250516744636,-4.296311474613019
57.96843881021091,-4.100701408018506
57.52539352410554,-7.257424138711781
57.738827633428066,-6.107130648244399
57.84202003833805,-5.5272508297454985
57.87589652696075,-5.33322647881285
57.90949858500324,-5.138911006635618
57.94284400255303,-4.9441982004952285
57.9759134266422,-4.749197734319327
58.008724358383134,-4.553803075885432
58.041257748110496,-4.358124338122491
58.07353080642735,-4.162054673258835
58.10552478920446,-3.9657046296308485
58.13725661501959,-3.768967047965568
57.665350241596165,-7.134903210320887
57.946475333919885,-5.5921355973512625
57.9804400228527,-5.397667219932874
58.014129777785236,-5.202904909053615
58.04756243089768,-5.007742209288493
58.0807185742522,-4.812289049799192
58.11361575050939,-4.616438653171009
58.146234855584055,-4.420301391578026
58.178593141072554,-4.2237701695953165
58.210671808994434,-4.026955798812396
58.242487818355464,-3.8297508698678686
58.27402267951893,-3.6322666299887856
58.30529305739224,-3.434395360044828
57.76904656197975,-7.20362529304833
58.15224902830899,-5.071659663461002
58.18549236026532,-4.875751939133564
58.218476249555785,-4.679443899765933
58.251181537349844,-4.482846177780834
58.283625516430504,-4.285851428977855
58.315789334641124,-4.088570729250627
58.34768999160687,-3.8908964180024332
58.37930894410298,-3.6929400108148367
58.41066289707861,-3.4945935348895993
58.441733618484655,-3.295968941529268
58.47253751709557,-3.0969579500211895
57.94491189252646,-6.887533777905379
57.980635096096236,-6.694328283053885
58.25690347669636,-5.135954179659681
58.29023447070436,-4.939590009458535
58.32330554567022,-4.742822412849803
58.35609748768946,-4.545762283510866
58.38862763092662,-4.348302027335009
58.42087706872065,-4.150552985574162
58.45286284150914,-3.952407245240453
58.48456635215169,-3.7539765913727674
58.5160043458302,-3.5551527963243243
58.54715853718801,-3.356048084946889
58.578045374642244,-3.156553919250507
58.08453461444756,-6.762561469590453
58.12008849318512,-6.568558678204041
58.15537001819061,-6.374245094180646
58.39494458753883,-5.003806912524262
58.42810332499133,-4.806577834232909
58.460982396919604,-4.60905334018842
58.49359917906616,-4.411125585238166
58.52593470993425,-4.212906177049736
58.558006070968275,-4.014286949079181
58.58979461078161,-3.815379956929348
58.62131711498122,-3.6160767169149577
58.65255524457301,-3.416489728593353
58.68352548780709,-3.2165101954824915
58.71420982034921,-3.0162510569223855
58.188393854054105,-6.831190691735712
58.224040149953,-6.636752140819575
58.25941361869184,-6.441999832135685
58.53286563697543,-4.870711620219618
58.565832315673035,-4.67272080994639
58.598536212686334,-4.4743235702931115
58.63095831135029,-4.275631776394086
58.66311573431073,-4.076537006984105
58.694989775602615,-3.877151589330925
58.292219654592905,-6.900224521100755
58.32795886185273,-6.705348557097594
58.36342476800153,-6.510155836970832
58.39862641157725,-6.314593843406144
58.63759942588952,-4.935231952124396
58.67065419856155,-4.736772831393569
58.5026936172066,-6.382707378255015
58.53773178601996,-6.186274704322816
59.03072847360434,-3.196837723689405
59.061392729900284,-2.9947024267088413
59.16692788649776,-3.055138622452521
59.30297745177333,-2.9125206036187707
60.12438423492424,-1.1401125397482375
60.23063881028197,-1.1973445085127241
60.33686858666104,-1.2549487498203207
60.3648078563496,-1.0440095407509493
60.471089890869116,-1.101426058370117
60.5773507732585,-1.1592218331351871
60.68358654520098,-1.2173989224300807
60.711479339237805,-1.0043562407870195
60.84543814356095,-0.8484361791472926
61.69510410053059,-6.779160627231559
